태양의서커스 〈루치아〉.png,
뮤지컬 〈레베카〉 10주년 기념공연.png,
뮤지컬 ＇벤허＇.png,
뮤지컬 〈판〉.png,
뮤지컬 드라큘라 (Dracula：The Musical).png,
뮤지컬 〈블랙메리포핀스〉.png,
뮤지컬 〈타오르는 어둠 속에서〉.png,
뮤지컬 〈렛미플라이〉.png,
뮤지컬 〈인사이드 윌리엄〉 2023.png,
뮤지컬 〈레미제라블〉 - 부산.png,
뮤지컬 〈비더슈탄트〉.png,
뮤지컬 〈빨래〉.png,
뮤지컬 〈셜록홈즈 _ 앤더슨가의 비밀〉.png,
뮤지컬 〈후크〉.png,
어른이 뮤지컬 〈난쟁이들〉.png,
쇼 뮤지컬 〈시스터즈 (SheStars!)〉.png,
뮤지컬 〈쇼맨_어느 독재자의 네 번째 대역배우〉.png,
뮤지컬 〈스토리오브마이라이프〉.png,
뮤지컬 〈칠칠〉.png,
뮤지컬 〈스모크〉.png,
뮤지컬 〈삼총사〉.png,
뮤지컬 〈이토록 보통의〉.png,
뮤지컬 더데빌 _ 에덴 (Musical THE DEVIL _ EDEN).png,
뮤지컬 〈컴프롬어웨이〉.png,
뮤지컬 〈문스토리〉.png,
뮤지컬 〈위윌락유〉.png,
2023 최현우 Answer - 성남.png,
［제주］뉴미디어뮤지컬(노형수퍼마켙).png,
［청주,세종］뮤지컬 빌의구둣방.png,
2023송승환의 오리지널 난타(대전).png,
국립창극단 〈패왕별희〉.png,
난타(NANTA) - 명동공연.png,
넌버벌 코미디 〈옹알스〉.png,
더 맨 얼라이브 〈초이스〉.png,
라면에 파송송.png,
런던레코드.png,
뮤지컬 〈그날들〉 10주년 기념 공연 - 대전.png,
뮤지컬 〈김종욱 찾기〉.png,
뮤지컬 〈맘마미아!〉 - 김해.png,
2023 〈스웨그에이지  외쳐, 조선〉 - 인천.gif,
2023 창작뮤지컬어워드 NEXT.gif,
2023 매직쇼〈최현우의 미스틱커스〉 - 평택.gif,
동구문화체육센터 뮤지컬 〈앤 ANNE〉 - 인천.gif,
러스트(RUST) - 전주.gif,
뮤지컬 〈22년 2개월〉.gif,
뮤지컬 〈곤 투모로우〉.gif,
뮤지컬 〈구텐버그〉.gif,
뮤지컬 〈마리 퀴리〉.gif,
뮤지컬 〈렌트〉.gif,
뮤지컬 〈멤피스〉.gif,
뮤지컬 〈사칠〉.gif,
뮤지컬 〈오페라의 유령〉 - 서울.gif,
뮤지컬 〈킴즈〉.gif,
뮤지컬 〈프리다〉.gif,
이은결 ［더 일루션 - 마스터피스］.gif,
창작가무극 〈순신〉.gif,
뮤지컬 〈왓 이프〉.gif,
써니텐.gif,
뮤지컬 썸데이.gif,
뮤지컬 프리즌.gif,
뮤직드라마 당신만이.gif,
뮤지컬 〈투모로우 모닝〉.gif,
뮤지컬 스크루테이프의 편지.gif,
