연극 〈바닷마을 다이어리〉.png,
연극〈늘근도둑이야기〉.png,
행오버.png,
뮤직드라마 〈불편한 편의점〉.png,
코믹감동 휴먼판타지 연극 〈2호선 세입자〉.png,
연극 한뼘사이.png,
［서울 대학로］연극 라면.png,
10년 연속 1위 연극〈옥탑방고양이〉- 틴틴홀.png,
좀비연극 오마이갓.png,
연극 죽여주는 이야기.png,
연극 〈슈만〉.png,
4D공포연극 〈스위치〉.png,
연극 〈굿닥터〉.png,
메이드 인 제인.png,
진짜나쁜소녀.png,
연극 〈운빨로맨스〉- 대학로.png,
이머시브씨어터 카지노.png,
연극 〈수상한흥신소〉.png,
연극 〈뷰티풀라이프〉.png,
연극 〈나의PS파트너〉.png,
코미디 연극〈딜리버리〉.png,
(리얼타임 코믹연극) 택시안에서 - 서울.png,
［2023_셀러브리티 명품 로코］연극 이프온리 크리스마스특별 공연 - 대학로.png,
2시간탈출 졸탄쇼.png,
3대가 웃고 우는 연극 〈염쟁이 유씨〉.png,
공포스릴러연극〈두여자〉- 대구.png,
공포연극 ［자취］.png,
공포연극 조각.png,
그곳에 있었다.png,
괴물B.gif,
국민 코믹 연극 〈오백에삼십〉 - 대학로 세우아트센터 1관.gif,
러브 앤 인포메이션.gif,
연극 〈극적인 하룻밤〉.gif,
연극 〈기형도 플레이〉.gif,
연극 너의 목소리가 들려.gif,
연극 핫식스.gif,
제6회 1번출구 연극제 〈월드다방〉, 〈#정답을작성해주세요〉, 〈순례네 국밥〉.gif,
［2023 SPAF］ SPAF 연극 패키지.gif,
［2023 SPAF］ SPAF 하마티아 3부작 패키지.gif,
［2023 SPAF］ 구자하캄포 〈하마티아 3부작 롤링 앤 롤링〉.gif,
［2023 SPAF］ 구자하캄포 〈하마티아 3부작 쿠쿠〉.gif,
［2023 SPAF］ 구자하캄포 〈하마티아 3부작 한국 연극의 역사〉.gif,
［2023 SPAF］ 극단 골목길 〈이장〉.gif,
［2023 SPAF］ 극단 돌파구 〈지상의 여자들〉.gif,
［2023 SPAF］ 데드센터 〈베케트의 방〉.gif,
［2023 SPAF］ 지연X전환 〈에너지_보이지 않는 언어〉.gif,
［2023 SPAF］ 파이브 아트 센터 〈노셔널 히스토리〉.gif,
［2023’셀러브리티 로코연극］러브액츄얼리 첫번째사연_크리스마스 특별공연 - 부산.gif,
［연극 on stage］ 99% - 화성.gif,
［연극 on stage］ 띨뿌리 - 화성.gif,
［연애하기 좋은 날  당근거래］ - 전주.gif,
［장애인 선예매］ 러브 앤 인포메이션.gif,
대학로 청소년연극 〈사춘기메들리〉.gif,
로맨틱코미디 〈슬기로운 신혼생활〉.gif,
모든 날 모든 순간.gif,
나의 장례식에 와줘.gif,
연극 〈카페 쥬에네스〉.gif,
(코믹연극) 달동네-부산.gif,
2023 연극 〈친정엄마와 2박 3일〉 - 고양.png,
대학로 1위 연극 〈쉬어매드니스〉.png,
